-- ProductTransactionHeader
INSERT INTO ProductTransactionHeader VALUES ('PT001', 'ST001', 'CU001', '2022-01-03')
INSERT INTO ProductTransactionHeader VALUES ('PT002', 'ST003', 'CU002', '2022-02-10')
INSERT INTO ProductTransactionHeader VALUES ('PT003', 'ST005', 'CU003', '2022-03-12')
INSERT INTO ProductTransactionHeader VALUES ('PT004', 'ST007', 'CU004', '2022-04-15')
INSERT INTO ProductTransactionHeader VALUES ('PT005', 'ST009', 'CU005', '2022-05-18')
INSERT INTO ProductTransactionHeader VALUES ('PT006', 'ST010', 'CU006', '2022-06-19')
INSERT INTO ProductTransactionHeader VALUES ('PT007', 'ST008', 'CU007', '2022-03-31')
INSERT INTO ProductTransactionHeader VALUES ('PT008', 'ST006', 'CU008', '2022-01-30')
INSERT INTO ProductTransactionHeader VALUES ('PT009', 'ST004', 'CU009', '2022-02-15')
INSERT INTO ProductTransactionHeader VALUES ('PT010', 'ST002', 'CU010', '2022-02-12')
INSERT INTO ProductTransactionHeader VALUES ('PT011', 'ST003', 'CU009', '2022-02-11')
INSERT INTO ProductTransactionHeader VALUES ('PT012', 'ST004', 'CU008', '2022-05-15')
INSERT INTO ProductTransactionHeader VALUES ('PT013', 'ST009', 'CU007', '2022-05-29')
INSERT INTO ProductTransactionHeader VALUES ('PT014', 'ST008', 'CU007', '2022-04-17')
INSERT INTO ProductTransactionHeader VALUES ('PT015', 'ST006', 'CU006', '2022-01-23')
INSERT INTO ProductTransactionHeader VALUES ('PT016', 'ST005', 'CU002', '2022-07-23')
INSERT INTO ProductTransactionHeader VALUES ('PT017', 'ST006', 'CU006', '2022-08-23')

-- ProductTransactionDetail
INSERT INTO ProductTransactionDetail VALUES ('PT001', 'PR001', 5)
INSERT INTO ProductTransactionDetail VALUES ('PT001', 'PR005', 3)
INSERT INTO ProductTransactionDetail VALUES ('PT002', 'PR003', 2)
INSERT INTO ProductTransactionDetail VALUES ('PT002', 'PR001', 4)
INSERT INTO ProductTransactionDetail VALUES ('PT002', 'PR002', 3)
INSERT INTO ProductTransactionDetail VALUES ('PT003', 'PR007', 1)
INSERT INTO ProductTransactionDetail VALUES ('PT004', 'PR008', 12)
INSERT INTO ProductTransactionDetail VALUES ('PT004', 'PR009', 1)
INSERT INTO ProductTransactionDetail VALUES ('PT005', 'PR010', 6)
INSERT INTO ProductTransactionDetail VALUES ('PT006', 'PR002', 7)
INSERT INTO ProductTransactionDetail VALUES ('PT006', 'PR003', 8)
INSERT INTO ProductTransactionDetail VALUES ('PT006', 'PR001', 9)
INSERT INTO ProductTransactionDetail VALUES ('PT006', 'PR004', 10)
INSERT INTO ProductTransactionDetail VALUES ('PT006', 'PR006', 7)
INSERT INTO ProductTransactionDetail VALUES ('PT007', 'PR007', 11)
INSERT INTO ProductTransactionDetail VALUES ('PT007', 'PR008', 2)
INSERT INTO ProductTransactionDetail VALUES ('PT008', 'PR009', 2)
INSERT INTO ProductTransactionDetail VALUES ('PT008', 'PR002', 3)
INSERT INTO ProductTransactionDetail VALUES ('PT009', 'PR002', 6)
INSERT INTO ProductTransactionDetail VALUES ('PT009', 'PR006', 7)
INSERT INTO ProductTransactionDetail VALUES ('PT010', 'PR006', 4)
INSERT INTO ProductTransactionDetail VALUES ('PT011', 'PR010', 11)
INSERT INTO ProductTransactionDetail VALUES ('PT012', 'PR009', 12)
INSERT INTO ProductTransactionDetail VALUES ('PT013', 'PR008', 2)
INSERT INTO ProductTransactionDetail VALUES ('PT014', 'PR007', 1)
INSERT INTO ProductTransactionDetail VALUES ('PT015', 'PR006', 5)
INSERT INTO ProductTransactionDetail VALUES ('PT016', 'PR006', 5)
INSERT INTO ProductTransactionDetail VALUES ('PT017', 'PR003', 3)
INSERT INTO ProductTransactionDetail VALUES ('PT017', 'PR002', 9)

-- RentalTransactionHeader
INSERT INTO RentalTransactionHeader VALUES ('RT001', 'CU002', 'ST001', '2022-01-03')
INSERT INTO RentalTransactionHeader VALUES ('RT002', 'CU004', 'ST003', '2022-02-03')
INSERT INTO RentalTransactionHeader VALUES ('RT003', 'CU006', 'ST005', '2022-03-05')
INSERT INTO RentalTransactionHeader VALUES ('RT004', 'CU008', 'ST007', '2022-04-06')
INSERT INTO RentalTransactionHeader VALUES ('RT005', 'CU0010', 'ST009', '2022-05-12')
INSERT INTO RentalTransactionHeader VALUES ('RT006', 'CU0010', 'ST010', '2022-06-17')
INSERT INTO RentalTransactionHeader VALUES ('RT007', 'CU009', 'ST001', '2022-05-18')
INSERT INTO RentalTransactionHeader VALUES ('RT008', 'CU008', 'ST002', '2022-04-21')
INSERT INTO RentalTransactionHeader VALUES ('RT009', 'CU007', 'ST003', '2022-03-23')
INSERT INTO RentalTransactionHeader VALUES ('RT010', 'CU006', 'ST004', '2022-02-01')
INSERT INTO RentalTransactionHeader VALUES ('RT011', 'CU005', 'ST005', '2022-01-05')
INSERT INTO RentalTransactionHeader VALUES ('RT012', 'CU004', 'ST006', '2022-02-17')
INSERT INTO RentalTransactionHeader VALUES ('RT013', 'CU003', 'ST007', '2022-04-30')
INSERT INTO RentalTransactionHeader VALUES ('RT014', 'CU002', 'ST008', '2022-06-29')
INSERT INTO RentalTransactionHeader VALUES ('RT015', 'CU001', 'ST009', '2022-02-28')
INSERT INTO RentalTransactionHeader VALUES ('RT016', 'CU003', 'ST011', '2022-05-28')
INSERT INTO RentalTransactionHeader VALUES ('RT017', 'CU005', 'ST012', '2022-02-19')
INSERT INTO RentalTransactionHeader VALUES ('RT018', 'CU001', 'ST002', '2022-12-12')
INSERT INTO RentalTransactionHeader VALUES ('RT019', 'CU002', 'ST001', '2022-12-13')
INSERT INTO RentalTransactionHeader VALUES ('RT020', 'CU002', 'ST013', '2022-08-11')

-- RentalTransactionDetail
INSERT INTO RentalTransactionDetail VALUES ('RT001', 'SF001', 3)
INSERT INTO RentalTransactionDetail VALUES ('RT001', 'SF002', 5)
INSERT INTO RentalTransactionDetail VALUES ('RT001', 'SF003', 1)
INSERT INTO RentalTransactionDetail VALUES ('RT002', 'SF004', 1)
INSERT INTO RentalTransactionDetail VALUES ('RT002', 'SF005', 2)
INSERT INTO RentalTransactionDetail VALUES ('RT003', 'SF006', 3)
INSERT INTO RentalTransactionDetail VALUES ('RT004', 'SF007', 8)
INSERT INTO RentalTransactionDetail VALUES ('RT004', 'SF008', 6)
INSERT INTO RentalTransactionDetail VALUES ('RT005', 'SF009', 6)
INSERT INTO RentalTransactionDetail VALUES ('RT006', 'SF010', 4)
INSERT INTO RentalTransactionDetail VALUES ('RT007', 'SF009', 5)
INSERT INTO RentalTransactionDetail VALUES ('RT008', 'SF008', 8)
INSERT INTO RentalTransactionDetail VALUES ('RT009', 'SF007', 9)
INSERT INTO RentalTransactionDetail VALUES ('RT009', 'SF006', 3)
INSERT INTO RentalTransactionDetail VALUES ('RT010', 'SF005', 10)
INSERT INTO RentalTransactionDetail VALUES ('RT010', 'SF004', 11)
INSERT INTO RentalTransactionDetail VALUES ('RT011', 'SF003', 9)
INSERT INTO RentalTransactionDetail VALUES ('RT011', 'SF002', 12)
INSERT INTO RentalTransactionDetail VALUES ('RT011', 'SF001', 12)
INSERT INTO RentalTransactionDetail VALUES ('RT012', 'SF002', 4)
INSERT INTO RentalTransactionDetail VALUES ('RT013', 'SF004', 5)
INSERT INTO RentalTransactionDetail VALUES ('RT013', 'SF006', 6)
INSERT INTO RentalTransactionDetail VALUES ('RT014', 'SF008', 2)
INSERT INTO RentalTransactionDetail VALUES ('RT015', 'SF010', 1)
INSERT INTO RentalTransactionDetail VALUES ('RT015', 'SF001', 5)
INSERT INTO RentalTransactionDetail VALUES ('RT015', 'SF011', 5)

INSERT INTO RentalTransactionDetail VALUES ('RT016', 'SF011', 2)
INSERT INTO RentalTransactionDetail VALUES ('RT017', 'SF011', 7)

INSERT INTO RentalTransactionDetail VALUES ('RT018', 'SF009', 3)
INSERT INTO RentalTransactionDetail VALUES ('RT019', 'SF007', 7)

INSERT INTO RentalTransactionDetail VALUES ('RT020', 'SF005', 3)